ISBN,Title,Author
9780141345659,"The Fault in Our Stars","John Green"
9780062024039,"Divergent","Veronica Roth"
9780141439518,"Pride and Prejudice","Jane Austen"
9780451524935,"1984","George Orwell"
9781594631931,"The Kite Runner","Khaled Hosseini"
9780547928210,"The Fellowship of the Ring","J.R.R. Tolkien"
9780316168816,"The Lovely Bones","Alice Sebold"
9780307588371,"Gone Girl","Gillian Flynn"
9780425232200,"The Help","Kathryn Stockett"
9780140177398,"Of Mice and Men","John Steinbeck"
9780061122415,"The Alchemist","Paulo Coelho"
9780345803481,"Fifty Shades of Grey","E.L. James"
9781594634024,"The Girl on the Train","Paula Hawkins"
9780375842207,"The Book Thief","Markus Zusak"
9780147514011,"Little Women","Louisa May Alcott"
9780143038412,"Eat, Pray, Love","Elizabeth Gilbert"
9781565125605,"Water for Elephants","Sara Gruen"
9780446605236,"The Notebook","Nicholas Sparks"
9780156027328,"Life of Pi","Yann Martel"
9780345391803,"The Hitchhiker’s Guide to the Galaxy","Douglas Adams"
9780486456560,"Wuthering Heights","Emily Bronte"
9780060256678,"Where the Sidewalk Ends","Shel Silverstein"
9780671027346,"The Perks of Being a Wallflower","Stephen Chbosky"
9780062024046,"Insurgent","Veronica Roth"
9781400032716,"The Curious Incident of the Dog in the Night-Time","Mark Haddon"
9781451635621,"Gone with the Wind","Margaret Mitchell"
9780486282114,"Frankenstein","Mary Shelley"
9780743265037,"My Sister’s Keeper","Jodi Picoult"
9781594483851,"A Thousand Splendid Suns","Khaled Hosseini"
9780307743657,"The Shining","Stephen King"
9780385737951,"The Maze Runner","James Dashner"
9780440414803,"Holes","Louis Sachar"
9780141439662,"Sense and Sensibility","Jane Austen"
9780316068048,"The Host","Stephenie Meyer"
9780143124542,"Me Before You","Jojo Moyes"
9780140280098,"Bridget Jones’s Diary","Helen Fielding"
9781594746031,"Miss Peregrine’s Home for Peculiar Children","Ransom Riggs"
9780141439570,"The Picture of Dorian Gray","Oscar Wilde"
9780517189603,"The Secret Garden","Frances Hodgson Burnett"
9780385486804,"Into the Wild","Jon Krakauer"
9780743247542,"The Glass Castle","Jeannette Walls"
9780385510929,"The Devil Wears Prada","Lauren Weisberger"
9780486406510,"A Tale of Two Cities","Charles Dickens"
9780142414934,"Paper Towns","John Green"
9780062024060,"Allegiant","Veronica Roth"
9781451648539,"Steve Jobs","Walter Isaacson"
9780316056892,"Bossypants","Tina Fey"
9781416914303,"City of Glass","Cassandra Clare"
9781501173219,"All the Light We Cannot See","Anthony Doerr"
9780156035217,"The Princess Bride","William Goldman"
9780147513731,"Eleanor & Park","Rainbow Rowell"
9780345535283,"A Clash of Kings","George R.R. Martin"
9780345803498,"Fifty Shades Darker","E.L. James"
9780385340991,"Outlander","Diana Gabaldon"
9780553213508,"The Count of Monte Cristo","Alexandre Dumas"
9780486810188,"The Adventures of Tom Sawyer","Mark Twain"
9780767905923,"Tuesday with Morrie","Mitch Albom"
9780061475845,"The Selection","Kiera Cass"
9780385339711,"A Time to Kill","John Grisham"
9781595141710,"Thirteen Reasons Why","Jay Asher"
9780345803498,"Fifty Shades Freed","E.L. James"
9780060883287,"One Hundred Years of Solitude","Gabriel Garcia Marquez"
9780385517252,"Room","Emma Donoghue"
9780684833392,"Catch-22","Joseph Heller"
9780142415436,"If I Stay","Gayle Forman"
9780143039433,"The Grapes of Wrath","John Steinbeck"
9780451524935,"The Road","Cormac McCarthy"
9780451529930,"Les Misérables","Victor Hugo"
9780812974492,"Unbroken: A World War II Story","Laura Hillenbrand"
9781423103349,"The Sea of Monsters","Rick Riordan"
9780060558123,"American Gods","Neil Gaiman"
9781101904220,"The Martian","Andy Weir"
9780451169518,"It","Stephen King"
9780060731335,"Freakonomics","Steven Levitt"
9781423101499,"The Battle of the Labyrinth","Rick Riordan"
9780451526369,"Anne of Green Gables","L.M. Montgomery"
9780553444055,"Confessions of a Shopaholic","Sophie Kinsella"
9780446608954,"A Walk to Remember","Nicholas Sparks"
9780142419670,"Matched","Ally Condie"
9780345339706,"The Two Towers","J.R.R. Tolkien"
9780441013593,"Dune","Frank Herbert"
9780345522631,"A Storm of Swords","George R.R. Martin"
9780385736588,"The Sisterhood of the Traveling Pants","Ann Brashares"
9780061726835,"Before I Fall","Lauren Oliver"
9780316346627,"The Tipping Point","Malcolm Gladwell"
9780679723165,"Lolita","Vladimir Nabokov"
9780618002252,"The Return of the King","J.R.R. Tolkien"
9781423101482,"The Titan’s Curse","Rick Riordan"
9780316017930,"Me Talk Pretty One Day","David Sedaris"
9780142410318,"Charlie and the Chocolate Factory","Roald Dahl"
9781423101499,"The Last Olympian","Rick Riordan"
9780451166902,"The Pillars of the Earth","Ken Follett"
9780452284247,"Girl with a Pearl Earring","Tracy Chevalier"
9780451163967,"One Flew Over the Cuckoo’s Nest","Ken Kesey"
9780060987107,"Wicked","Gregory Maguire"
9780141192475,"Emma","Jane Austen"
9780312422158,"Middlesex","Jeffrey Eugenides"
9780316055444,"Cinder","Marissa Meyer"
9780316055444,"The Goldfinch","Donna Tartt"
9780062024039,"The Name of the Wind","Patrick Rothfuss"
9781423143437,"The Lost Hero","Rick Riordan"
9780307744432,"The Night Circus","Erin Morgenstern"
9780143037149,"The Memory Keeper’s Daughter","Kim Edwards"
9780307887436,"Ready Player One","Ernest Cline"
9780553582024,"A Feast of Crows","George R.R. Martin"
9780143035008,"Anna Karenina","Leo Tolstoy"
9780743493468,"Deception Point","Dan Brown"
9780440211457,"The Firm","John Grisham"
9780307743657,"The Stand","Stephen King"
9780375869020,"Wonder","R.J. Palacio"
9780425274866,"Big Little Lies","Liane Moriarty"
9780141182608,"A Clockwork Orange","Anthony Burgess"
9781416989417,"Hush, Hush","Becca Fitzpatrick"
9781442419810,"Uglies","Scott Westerfeld"
9780399589652,"Educated","Tara Westover"
9780486454115,"Crime and Punishment","Fyodor Dostoyevsky"
9780142410370,"Matilda","Roald Dahl"
9780316077033,"Beautiful Creatures","Kami Garcia"
9780060759955,"Divine Secrets of the Ya-Ya Sisterhood","Rebecca Wells"
9780312944926,"Digital Fortress","Dan Brown"
9780451239375,"Dear John","Nicholas Sparks"
9781595141741,"Vampire Academy","Richelle Mead"
9780060837029,"The Bell Jar","Sylvia Plath"
9780307476074,"Wild: From Lost to Found on the Pacific Crest Trail","Cheryl Strayed"
9780307730863,"The Shack","W. Paul Young"
9781476753188,"Beautiful Disaster","Jamie McGuire"
9780312195519,"The Red Tent","Anita Diamant"
9780446618954,"The Last Song","Nicholas Sparks"
9780441018274,"Dead Until Dark","Charlaine Harris"
9780553582017,"A Dance with Dragons","George R.R. Martin"
9781400052189,"The Immortal Life of Henrietta Lacks","Rebecca Skloot"
9780553208844,"Siddhartha","Hermann Hesse"
9780385340991,"The Guernsey Literary and Potato Peel Pie Society","Mary Ann Shaffer"
9780312321192,"Something Borrowed","Emily Giffin"
9780684842677,"Angela’s Ashes","Frank McCourt"
9780141442328,"Persuasion","Jane Austen"
9780307346612,"Dark Places","Gillian Flynn"
9780930289232,"Watchmen","Alan Moore"
9781250042613,"Fangirl","Rainbow Rowell"
9780156028356,"The Color Purple","Alice Walker"
9780312924584,"One for the Money","Janet Evanovich"
9780385738933,"Fallen","Lauren Kate"
9781416524303,"The Gunslinger","Stephen King"
9780345478704,"Interview with a Vampire","Anne Rice"
9781250080400,"The Nightingale","Kristin Hannah"
9780393327343,"Fight Club","Chuck Palahniuk"
9780743227448,"The Other Boleyn Girl","Philippa Gregory"
9780307341556,"Sharp Objects","Gillian Flynn"
9780451234653,"The Husband’s Secret","Liane Moriarty"
9780425263914,"Bared to You","Sylvia Day"
9780061240184,"Marley and Me","John Grogan"
9781619630345,"Throne of Glass","Sarah J. Maas"
9781442486115,"City of Fallen Angels","Cassandra Clare"
9780316017930,"Outliers","Malcolm Gladwell"
9780316010665,"Blink","Malcolm Gladwell"
9780307422309,"The Devil in the White City","Erik Larson"
9780451191147,"Misery","Stephen King"
9780312360267,"Marked","P.C. Cast and Kristin Cast"
9780545123263,"Shiver","Maggie Stiefvater"
9780312035486,"The Silence of the Lambs","Thomas Harris"
9780061537936,"The Art of Racing in the Rain","Garth Stein"
9781400075553,"Atonement","Ian McEwan"
9780316206844,"The Cuckoo’s Calling","Robert Galbraith"
9780385537858,"Inferno","Dan Brown"
9780142410707,"An Abundance of Katherines","John Green"
9780062322602,"The Ocean at the End of the Lane","Neil Gaiman"
9780064401848,"Bridge to Terabithia","Katherine Paterson"
9780156030083,"Flowers for Algernon","Daniel Keyes"
9780061726835,"Delirium","Lauren Oliver"
9780062310637,"Red Queen","Victoria Aveyard"
9780671027032,"How to Win Friends and Influence People","Dale Carnegie"
9780385737951,"The Scorch Trials","James Dashner"
9780385751537,"The Boy in the Striped Pajamas","John Boyne"
9780743269513,"The 7 Habits of Highly Effective People","Stephen R. Covey"
9780060853983,"Good Omens","Terry Pratchett and Neil Gaiman"
9780312370846,"Sarah’s Key","Tatiana de Rosnay"
9781400078776,"Never Let Me Go","Kazuo Ishiguro"
9780307346612,"World War Z","Max Brooks"
9780142000656,"East of Eden","John Steinbeck"
9781423140603,"The Mark of Athena","Rick Riordan"
9780060530946,"The Graveyard Book","Neil Gaiman"
9780060838677,"Rebecca","Daphne du Maurier"
9781442416865,"City of Lost Souls","Cassandra Clare"
9780553260114,"The Bourne Identity","Robert Ludlum"
9780143126393,"The Shadow of the Wind","Carlos Ruiz Zafón"
9780142414435,"Legend","Marie Lu"
9780385741262,"We Were Liars","E. Lockhart"
9781476738024,"A Man Called Ove","Fredrik Backman"
9780307886279,"Is Everyone Hanging Out Without Me?","Mindy Kaling"
9780446364197,"Along Came a Spider","James Patterson"
9781476752402,"The Rosie Project","Graeme Simsion"
9780385339070,"The Client","John Grisham"
9781423140597,"The Son of Neptune","Rick Riordan"
9780545128285,"The Tales of Beedle the Bard","J.K. Rowling"
9780307387899,"Love in the Time of Cholera","Gabriel García Márquez"
9780545213103,"Extremely Loud and Incredibly Close","Jonathan Safran Foer"
9780380789036,"Neverwhere","Neil Gaiman"
9780312374967,"The Nanny Diaries","Emma McLaughlin"
9780141325309,"Treasure Island","Robert Louis Stevenson"
9781451649212,"11/22/63","Stephen King"
9781558743663,"A Child Called “It”","Dave Pelzer"
9780060736262,"A Tree Grows in Brooklyn","Betty Smith"
9781451681755,"The Light Between Oceans","M.L. Stedman"
9780553293357,"Foundation","Isaac Asimov"
9780743277709,"Watership Down","Richard Adams"
9780064471107,"The Magician’s Nephew","C.S. Lewis"
9780062268348,"Yes Please","Amy Poehler"
9780142425831,"The 5th Wave","Rick Yancey"
9780152063962,"Graceling","Kristin Cashore"
9780743297332,"The Sun Also Rises","Ernest Hemingway"
9780553382154,"Can You Keep a Secret?","Sophie Kinsella"
9780756404079,"The Wise Man’s Fear","Patrick Rothfuss"
9780312422279,"Running with Scissors","Augusten Burroughs"
9780345514400,"I Know Why the Caged Bird Sings","Maya Angelou"
9780385486800,"Into the Air (Into Thin Air)","Jon Krakauer"
9780451191147,"Atlas Shrugged","Ayn Rand"
9780440246017,"The Pelican Brief","John Grisham"
9780439863368,"Inheart (Inkheart)","Cornelia Funke"
9780142410376,"James and the Giant Peach","Roald Dahl"
9780142419409,"Anna and the French Kiss","Stephanie Perkins"
9781501142979,"Pet Sematary","Stephen King"
9780812980335,"Snow Flower and the Secret Fan","Lisa See"
9780062059949,"The Elite","Kiera Cass"
9780316204277,"Where’d You Go, Bernadette","Maria Semple"
9780375714368,"Cutting for Stone","Abraham Verghese"
9780061950728,"Orphan Train","Christina Baker Kline"
9780812511812,"The Eye of the World","Robert Jordan"
9780486291161,"The Wonderful Wizard of Oz","L. Frank Baum"
9780143038252,"Three Cups of Tea","Greg Mortenson"
9780312332655,"P.S. I Love You","Cecelia Ahern"
9780810993131,"Diary of a Wimpy Kid","Jeff Kinney"
9780553275973,"Where the Red Fern Grows","Wilson Rawls"
9781455508976,"The Lucky One","Nicholas Sparks"
9781595142502,"Shadow Kiss","Richelle Mead"
9780385721239,"Like Water for Chocolate","Laura Esquivel"
9780446579933,"Safe Haven","Nicholas Sparks"
9780486266886,"The Strange Case of Dr. Jekyll and Mr. Hyde","Robert Louis Stevenson"
9780142410383,"The BFG","Roald Dahl"
9780385333498,"Cat’s Cradle","Kurt Vonnegut"
9780425133546,"The Hunt for Red October","Tom Clancy"
9780440418772,"The Subtle Knife","Philip Pullman"
9780767900386,"Under the Tuscan Sun","Frances Mayes"
9780316693647,"Kiss the Girls","James Patterson"
9780061689246,"Stardust","Neil Gaiman"
9780316322400,"I Am Malala","Malala Yousafzai"
9780399144463,"Who Moved My Cheese?","Spencer Johnson"
9780061964367,"I Am Number Four","Pittacus Lore"
9780142420898,"Will Grayson, Will Grayson","John Green"
9780451205769,"The Godfather","Mario Puzo"
9780425269023,"Reflected in You","Sylvia Day"
9780385738781,"The Death Cure","James Dashner"
9780060747501,"The Thorn Birds","Colleen McCullough"
9780671021009,"She’s Come Undone","Wally Lamb"
9781595141758,"Frostbite","Richelle Mead"
9780307279460,"A Walk in the Woods","Bill Bryson"
9781582701707,"The Secret","Rhonda Byrne"
9780765311788,"The Final Empire","Brandon Sanderson"
9780486424538,"Oliver Twist","Charles Dickens"
9780062059991,"The One","Kiera Cass"
9780140481389,"The Crucible","Arthur Miller"
9780060930219,"The Unbearable Lightness of Being","Milan Kundera"
9780345404477,"Do Androids Dream of Electric Sheep?","Philip K. Dick"
9780143119685,"A Discovery of Witches","Deborah Harkness"
9780743477123,"Othello","William Shakespeare"
9780316228534,"The Casual Vacancy","J.K. Rowling"
9780451191154,"The Fountainhead","Ayn Rand"
9780060987565,"I Know This Much Is True","Wally Lamb"
9780743496728,"Nineteen Minutes","Jodi Picoult"
9780307743671,"Salem’s Lot","Stephen King"
9780060652937,"The Screwtape Letters","C.S. Lewis"
9781619634448,"A Court of Thorns and Roses","Sarah J. Maas"
9781423113386,"The Red Pyramid","Rick Riordan"
9781401323257,"The Last Lecture","Randy Pausch"
9780316284950,"White Oleander","Janet Fitch"
9781400033416,"Beloved","Toni Morrison"
9780743418164,"Good in Bed","Jennifer Weiner"
9781439102817,"Still Alice","Lisa Genova"
9780375822339,"Stargirl","Jerry Spinelli"
9780679785897,"Fear and Loathing in Las Vegas","Hunter S. Thompson"
9780446610147,"1st to Die","James Patterson"
9780060987218,"A Prayer for Owen Meany","John Irving"
9780486264782,"The Importance of Being Earnest","Oscar Wilde"
9780307406262,"One Day","David Nicholls"
9780142410118,"The Witches","Roald Dahl"
9780316132909,"Daughter of Smoke & Bone","Laini Taylor"
9780062073506,"Murder on the Orient Express","Agatha Christie"
9781595141970,"Blood Promise","Richelle Mead"
9780689840920,"Hatchet","Gary Paulsen"
9781593082640,"Northanger Abbey","Jane Austen"
9780452283605,"Dark Lover","J.R. Ward"
9780062225678,"The Color of Magic","Terry Pratchett"
9780425245915,"What Alice Forgot","Liane Moriarty"
9780375725845,"Perfume: The Story of a Murderer","Patrick Süskind"
9781594632387,"And the Mountains Echoed","Khaled Hosseini"
9780743262132,"John Adams","David McCullough"
9780307389732,"Norwegian Wood","Haruki Murakami"
9781594135451,"A Study in Scarlet","Arthur Conan Doyle"
9780849922075,"Heaven is for Real","Todd Burpo"
9780156701600,"The New Drawing on the Right Side of the Brain","Betty Edwards"
9780156001311,"The Name of the Rose","Umberto Eco"
9780812988406,"When Breath Becomes Air","Paul Kalanithi"
9781593082473,"Mansfield Park","Jane Austen"
9781416989417,"Crescendo","Becca Fitzpatrick"
9780375826726,"Brisingr","Christopher Paolini"
9780060502610,"The Pact","Jodi Picoult"
9780312357477,"Evermore","Alyson Noël"
9780441005900,"Stranger in a Strange Land","Robert A. Heinlein"
9781595141987,"Spirit Bound","Richelle Mead"
9780312641897,"Scarlet","Marissa Meyer"
9780807014295,"Man’s Search for Meaning","Viktor Frankl"
9781590302253,"The Art of War","Sun Tzu"
9780743298025,"The Thirteenth Tale","Diane Setterfield"
9780451461974,"Storm Front","Jim Butcher"
9780553213379,"The Three Musketeers","Alexandre Dumas"
9780439554930,"The Amber Spyglass","Philip Pullman"
9780440221479,"The Runaway Jury","John Grisham"
9780062060569,"Before I Go to Sleep","S.J. Watson"
9780425245136,"Fried Green Tomatoes at the Whistle Stop Café","Fannie Flagg"
9781595143365,"Last Sacrifice","Richelle Mead"
9780553496680,"Everything, Everything","Nicola Yoon"
9780385472579,"Things Fall Apart","Chinua Achebe"
9780385340268,"Dragonfly in Amber","Diana Gabaldon"
9780811216029,"A Streetcar Named Desire","Tennessee Williams"
9780142420898,"Where She Went","Gayle Forman"
9780143116387,"In the Woods","Tana French"
9780060652920,"Mere Christianity","C.S. Lewis"
9780714832470,"The Story of Art","E.H. Gombrich"
9781442483331,"City of Heavenly Fire","Cassandra Clare"
9781603093868,"V for Vendetta","Alan Moore"
9780767908184,"A Short History of Nearly Everything","Bill Bryson"
9780385333450,"The Undomestic Goddess","Sophie Kinsella"
9781619630648,"Crown of Midnight","Sarah J. Maas"
9780062085504,"Shatter Me","Tahereh Mafi"
9781476735516,"Hopeless","Colleen Hoover"
9780345521316,"The Paris Wife","Paula McLain"
9780553294383,"I, Robot","Isaac Asimov"
9780804172448,"Station Eleven","Emily St. John Mandel"
9781612680194,"Rich Dad, Poor Dad","Robert Kiyosaki"
9781400079278,"Kafka on the Shore","Haruki Murakami"
9780425197381,"Odd Thomas","Dean Koontz"
9780441012187,"Dead to the World","Charlaine Harris"
9780684801469,"A Farewell to Arms","Ernest Hemingway"
9780064402053,"Little House on the Prairie","Laura Ingalls Wilder"
9780385344227,"Defending Jacob","William Landay"
9780441569590,"Neuromancer","William Gibson"
9780316011771,"The Historian","Elizabeth Kostova"
9780684803357,"For Whom the Bell Tolls","Ernest Hemingway"
9781442405966,"Perfect Chemistry","Simone Elkeles"
9781442408417,"Silence","Becca Fitzpatrick"
9781400079988,"War and Peace","Leo Tolstoy"
9780064404996,"Peter Pan","J.M. Barrie"
9780312360286,"Betrayed","P.C. Cast and Kristin Cast"
9780553382561,"The Secret History","Donna Tartt"
9780446672215,"Where the Heart Is","Billie Letts"
9780316010790,"Dress Your Family in Corduroy and Denim","David Sedaris"
9780142412318,"Just Listen","Sarah Dessen"
9780143121701,"The Invention of Wings","Sue Monk Kidd"
9780441015655,"Living Dead in Dallas","Charlaine Harris"
9780143126126,"After You","Jojo Moyes"
9780316777730,"Naked","David Sedaris"
9780671664589,"Go Ask Alice","Anonymous"
9780802473158,"The 5 Love Languages","Gary Chapman"
9780679722649,"Maus 1: A Survivor’s Tale","Art Spiegelman"
9780060934411,"Bel Canto","Ann Patchett"
9780451232854,"Fall of Giants","Ken Follett"
9780061479935,"The Princess Diaries","Meg Cabot"
9780553382563,"A Brief History of Time","Stephen Hawking"
9781593083601,"Robinson Crusoe","Daniel Defoe"
9781595142016,"Pretties","Scott Westerfeld"
9781250028297,"Cress","Marissa Meyer"
9780618706419,"The Things They Carried","Tim O’Brien"
9780440212562,"Voyager","Diana Gabaldon"
9780735219106,"Little Fires Everywhere","Celeste Ng"
9780141439785,"Tess of the D’Urbervilles","Thomas Hardy"
9780393317558,"Guns, Germs, and Steel","Jared Diamond"
9781416589648,"Little Bee","Chris Cleave"
9780141321037,"Black Beauty","Anna Sewell"
9780451190542,"The Green Mile","Stephen King"
9780800796181,"The Hiding Place","Corrie ten Boom"
9780312379822,"Chosen","P.C. Cast and Kristin Cast"
9780812981605,"The Power of Habit","Charles Duhigg"
9780679417392,"Madame Bovary","Gustave Flaubert"
9780394820378,"The Phantom Tollbooth","Norton Juster"
9780618485222,"The Namesake","Jhumpa Lahiri"
9781501132957,"The Woman in Cabin 10","Ruth Ware"
9781501132766,"The Good Earth","Pearl S. Buck"
9780140449150,"The Prince","Niccolò Machiavelli"
9780441018279,"Club Dead","Charlaine Harris"
9780312577990,"Untamed","P.C. Cast and Kristin Cast"
9780312335164,"The No. 1 Ladies’ Detective Agency","Alexander McCall Smith"
9780553380958,"Snow Crash","Neal Stephenson"
9780765365279,"The Way of Kings","Brandon Sanderson"
9780440237688,"Message in a Bottle","Nicholas Sparks"
9781423146728,"The House of Hades","Rick Riordan"
9780312428811,"The Virgin Suicides","Jeffrey Eugenides"
9780060977498,"The God of Small Things","Arundhati Roy"
9780375706776,"Cold Mountain","Charles Frazier"
9780425274688,"Easy","Tammara Webber"
9780061978074,"Pandemonium","Lauren Oliver"
9780765356147,"The Well of Ascension","Brandon Sanderson"
9780515141429,"Killing Floor","Lee Child"
9780802130202,"A Confederacy of Dunces","John Kennedy Toole"
9781594631306,"The Brief Wondrous Life of Oscar Wao","Junot Díaz"
9780345449913,"The War of the Worlds","H.G. Wells"
9780064400015,"Little House in the Big Woods","Laura Ingalls Wilder"
9780451457997,"2001: A Space Odyssey","Arthur C. Clarke"
9781439153666,"The Kitchen House","Kathleen Grissom"
9780316155564,"The Angel Experiment","James Patterson"
9780553212419,"The Hound of the Baskervilles","Arthur Conan Doyle"
9780553381676,"The Clan of the Cave Bear","Jean M. Auel"
9780385334204,"Breakfast of Champions","Kurt Vonnegut"
9780385336987,"Remember Me?","Sophie Kinsella"
9780307742537,"A Million Little Pieces","James Frey"
9780618871711,"The God Delusion","Richard Dawkins"
9780312369810,"Tuck Everlasting","Natalie Babbitt"
9780310338016,"The Purpose Driven Life","Rick Warren"
9780142420898,"I’ll Give You the Sun","Jandy Nelson"
9780765362452,"Speaker for the Dead","Orson Scott Card"
9781442426756,"To All the Boys I’ve Loved Before","Jenny Han"
9780679735779,"American Psycho","Bret Easton Ellis"
9780142406250,"The Truth About Forever","Sarah Dessen"
9780374528379,"The Brothers Karamazov","Fyodor Dostoyevsky"
9780545424929,"The Raven Boys","Maggie Stiefvater"
9780345342966,"The Andromeda Strain","Michael Crichton"
9780385739142,"Torment","Lauren Kate"
9780385755913,"All the Bright Places","Jennifer Niven"
9781444799506,"Obsidian","Jennifer L. Armentrout"
9780316017930,"The Absolutely True Diary of a Part-Time Indian","Sherman Alexie"
9780142419767,"Crossed","Ally Condie"
9780345391810,"The Restaurant at the End of the Universe","Douglas Adams"
9780060838586,"Fast Food Nation","Eric Schlosser"
9780679643418,"Midnight in the Garden of Good and Evil","John Berendt"
9780452296299,"The Magicians","Lev Grossman"
9780143127550,"Everything I Never Told You","Celeste Ng"
9780765365293,"The Hero of Ages","Brandon Sanderson"
9780312321192,"Something Blue","Emily Giffin"
9780143039426,"Candide","Voltaire"
9780345366764,"The World According to Garp","John Irving"
9781619635198,"A Court of Mist and Fury","Sarah J. Maas"
9780062409850,"Go Set a Watchman","Harper Lee"
9780374533557,"Thinking, Fast and Slow","Daniel Kahneman"
9781476715902,"Slammed","Colleen Hoover"
9781250044433,"Shadow and Bone","Leigh Bardugo"
9781439149859,"Postmortem","Patricia Cornwell"
9780451154286,"Cujo","Stephen King"
9780812511812,"The Great Hunt","Robert Jordan"
9780062300546,"Hillbilly Elegy","J.D. Vance"
9780375507250,"Cloud Atlas","David Mitchell"
9780842342704,"Left Behind","Tim LaHaye and Jerry B. Jenkins"
9780385721677,"Oryx and Crake","Margaret Atwood"
9780547773749,"A Wizard of Earthsea","Ursula K. Le Guin"
9780441014004,"Dead as a Doornail","Charlaine Harris"
9780006480099,"Assassin’s Apprentice","Robin Hobb"
9781429937900,"It’s Kind of a Funny Story","Ned Vizzini"
9780954173984,"Wall and Peace","Banksy"
9780743265242,"In Her Shoes","Jennifer Weiner"
9781582406725,"The Walking Dead Vol. 1","Robert Kirkman"
9780679760807,"The Master and Margarita","Mikhail Bulgakov"
9780062073508,"The Mysterious Affair at Styles","Agatha Christie"
9780805210406,"The Trial","Franz Kafka"
9780156628709,"Mrs. Dalloway","Virginia Woolf"
9780735223113,"Eleanor Oliphant Is Completely Fine","Gail Honeyman"
9781619630650,"Heir of Fire","Sarah J. Maas"
9780679735779,"Breakfast at Tiffany’s","Truman Capote"
9781451666175,"The Prophet","Kahlil Gibran"
9781449474256,"Milk and Honey","Rupi Kaur"
9781401207526,"Batman: Year One","Frank Miller"
9781501168925,"The Drawing of the Three","Stephen King"
9780441024058,"All Together Dead","Charlaine Harris"
9780375856112,"Inheritance","Christopher Paolini"
9780441014912,"Definitely Dead","Charlaine Harris"
9781607066019,"Saga Vol 1","Brian K. Vaughan"
9780679783473,"The Wind-Up Bird Chronicle","Haruki Murakami"
9780618126996,"The Silmarillion","J.R.R. Tolkien"
9780812513724,"The Dragon Reborn","Robert Jordan"
9780679783411,"David Copperfield","Charles Dickens"
9780142414934,"Prodigy","Marie Lu"
9780060887380,"Pretty Little Liars","Sara Shepard"
9780553381545,"The Prince of Tides","Pat Conroy"
9781250132369,"Behind Closed Doors","B.A. Paris"
9781476754451,"Mr. Mercedes","Stephen King"
9781439156810,"On Writing: A Memoir of the Craft","Stephen King"
9780451172815,"Needful Things","Stephen King"
9781590525137,"Redeeming Love","Francine Rivers"
9780553278226,"The Martian Chronicles","Ray Bradbury"
9780345502834,"The Language of Flowers","Vanessa Diffenbaugh"
9780553216837,"The Phantom of the Opera","Gaston Leroux"
9781401312855,"Lean In","Sheryl Sandberg"
9780060934343,"Don Quixote","Miguel de Cervantes"
9780345350497,"The Mists of Avalon","Marion Zimmer Bradley"
9780142414361,"Along for the Ride","Sarah Dessen"
9780373210046,"The Iron King","Julie Kagawa"
9780062333014,"The Life-Changing Magic of Tidying Up","Marie Kondo"
9780316176491,"Life After Life","Kate Atkinson"
9780385720922,"Choke","Chuck Palahniuk"
9780316734930,"The Lincoln Lawyer","Michael Connelly"
9780316769495,"Franny and Zooey","J.D. Salinger"
9781593081210,"Uncle Tom’s Cabin","Harriet Beecher Stowe"
9781481413978,"Are You There God? It’s Me, Margaret","Judy Blume"
9780143124728,"The Storied Life of A.J. Fikry","Gabrielle Zevin"
9780062315007,"The Subtle Art of Not Giving a F*ck","Mark Manson"
9780345418920,"Timeline","Michael Crichton"
9780316206871,"The Silkworm","Robert Galbraith"
9780307455925,"Americanah","Chimamanda Ngozi Adichie"
9780062376565,"Jonathan Strange & Mr Norrell","Susanna Clarke"
9780061122415,"Zen and the Art of Motorcycle Maintenance","Robert Pirsig"
9780451234170,"Christine","Stephen King"
9781250069807,"Truly Madly Guilty","Liane Moriarty"
9781416550550,"The Forgotten Garden","Kate Morton"
9780062498533,"The Hate U Give","Angie Thomas"
9781101973669,"Cell","Stephen King"
9780804179657,"The Amazing Adventures of Kavalier & Clay","Michael Chabon"
9780060734107,"Anansi Boys","Neil Gaiman"
9780316075651,"The Short Second Life of Bree Tanner","Stephenie Meyer"
9780441018511,"From Dead to Worse","Charlaine Harris"
9780307277886,"Darkly Dreaming Dexter","Jeff Lindsay"
9781416912057,"Unwind","Neal Shusterman"
9780553212525,"Twenty Thousand Leagues Under the Sea","Jules Verne"
9780345418920,"Life, the Universe and Everything","Douglas Adams"
9780316010799,"When You Are Engulfed in Flames","David Sedaris"
9780440221661,"Drums of Autumn","Diana Gabaldon"
9780425263927,"Entwined with You","Sylvia Day"
9780060887964,"Jonathan Livingston Seagull","Richard Bach"
9780345802797,"I’ve Got Your Number","Sophie Kinsella"
9780345539785,"Red Rising","Pierce Brown"
9780735211202,"The Couple Next Door","Shari Lapena"
9780060899226,"Kitchen Confidential","Anthony Bourdain"
9781423100041,"I’d Tell You I Love You, But Then I’d Have to Kill You","Ally Carter"
9780805063894,"Nickel and Dimed","Barbara Ehrenreich"
9781401237549,"Preludes & Nocturnes","Neil Gaiman"
9780061448781,"Gone","Michael Grant"
9780143125473,"The Boys in the Boat","Daniel James Brown"
9780060874171,"Beastly","Alex Flinn"
9780307931887,"Every Day","David Levithan"
9780142501559,"This Lullaby","Sarah Dessen"
9780425264757,"Patriot Games","Tom Clancy"
9780441016365,"Dead and Gone","Charlaine Harris"
9780451224904,"World Without End","Ken Follett"
9780316191603,"The DUFF: Designated Ugly Fat Friend","Kody Keplinger"
9780140135152,"Ways of Seeing","John Berger"
9780553588941,"The Lies of Locke Lamora","Scott Lynch"
9780679746041,"Girl, Interrupted","Susanna Kaysen"
9780451167805,"Firestarter","Stephen King"
9780553211702,"Heidi","Johanna Spyri"
9780441783588,"Starship Troopers","Robert A. Heinlein"
9780345544957,"Small Great Things","Jodi Picoult"
9780385523395,"Orange Is the New Black","Piper Kerman"
9780061478789,"Howl’s Moving Castle","Diana Wynne Jones"
9780345806587,"The Hundred-Year-Old Man Who Climbed Out the Window and Disappeared","Jonas Jonasson"
9780345479330,"The Vampire Lestat","Anne Rice"
9780763660659,"A Monster Calls","Patrick Ness"
9780062225673,"Mort","Terry Pratchett"
9780440389849,"The Bourne Supremacy","Robert Ludlum"
9780385542364,"The Underground Railroad","Colson Whitehead"
9781442408920,"Aristotle and Dante Discover the Secrets of the Universe","Benjamin Alire Sáenz"
9781573228210,"High Fidelity","Nick Hornby"
9781594200822,"The Omnivore’s Dilemma","Michael Pollan"
9780142437339,"Death of a Salesman","Arthur Miller"
9780374530716,"Sophie’s World","Jostein Gaarder"
9780743482769,"King Lear","William Shakespeare"
9780451218045,"Lover Eternal","J.R. Ward"
9780307455822,"1Q84","Haruki Murakami"
9781627792127,"Six of Crows","Leigh Bardugo"
9780345525222,"The Passage","Justin Cronin"
9780684863473,"A Heartbreaking Work of Staggering Genius","Dave Eggers"
9780743226721,"1776","David McCullough"
9780062348687,"Simon vs. the Homo Sapiens Agenda","Becky Albertalli"
9780446610391,"The Rescue","Nicholas Sparks"
9781416949756,"From the Mixed-Up Files of Mrs. Basil E. Frankweiler","E.L. Konigsburg"
9781442419766,"Specials","Scott Westerfeld"
9780307456113,"The Circle","Dave Eggers"
9780141321099,"The Wind in the Willows","Kenneth Grahame"
9781595143178,"Bloodlines","Richelle Mead"
9780062693015,"A People’s History of the United States","Howard Zinn"
9781594747353,"Hollow City","Ransom Riggs"
9781476741185,"Wallbanger","Alice Clayton"
9780307957214,"A Visit from the Goon Squad","Jennifer Egan"
9781101971062,"Homegoing","Yaa Gyasi"
9780451473123,"The Waste Lands","Stephen King"
9780451419718,"On Dublin Street","Samantha Young"
9780385347136,"Shogun","James Clavell"
9781501117015,"The House of the Spirits","Isabel Allende"
9780307387899,"Dreams from My Father","Barack Obama"
9780679731726,"The Remains of the Day","Kazuo Ishiguro"
9780812967860,"Around the World in Eighty Days","Jules Verne"
9780618724831,"Everything Is Illuminated","Jonathan Safran Foer"
9780312360267,"Hunted","P.C. Cast and Kristin Cast"
9780778316558,"The Good Girl","Mary Kubica"
9781476712987,"Walking Disaster","Jamie McGuire"
9780689710680,"Mrs. Frisby and the Rats of NIMH","Robert C. O’Brien"
9780062348678,"The Heir","Kiera Cass"
9780375409455,"The Reader","Bernhard Schlink"
9780486277868,"The Awakening","Kate Chopin"
9780156007757,"Blindness","José Saramago"
9781619630674,"Queen of Shadows","Sarah J. Maas"
9780451213634,"Different Seasons","Stephen King"
9781476775968,"Fallen Too Far","Abbi Glines"
9780385315067,"The Rainmaker","John Grisham"
9780671024215,"Bag of Bones","Stephen King"
9780062316097,"Sapiens: A Brief History of Humankind","Yuval Noah Harari"
9780446613439,"The Guardian","Nicholas Sparks"
9780345379757,"The Autobiography of Malcolm X","Malcolm X"
9780451159512,"Thinner","Stephen King"
9781401233792,"Batman: The Dark Knight Returns","Frank Miller"
9780679764021,"Snow Falling on Cedars","David Guterson"
9780441018627,"Moon Called","Patricia Briggs"
9780451473342,"Lover Awakened","J.R. Ward"
9780451198498,"The Dead Zone","Stephen King"
9780316278155,"The Girl with All the Gifts","M.R. Carey"
9781423146728,"The Blood of Olympus","Rick Riordan"
9780312367541,"Firefly Lane","Kristin Hannah"
9781594634516,"Into the Water","Paula Hawkins"
9781934964129,"Scott Pilgrim, Vol 1","Bryan Lee O’Malley"
9780061007224,"The Exorcist","William Peter Blatty"
9780451529442,"The Hunchback of Notre Dame","Victor Hugo"
9780062049810,"State of Wonder","Ann Patchett"
9780060735456,"Prey","Michael Crichton"
9781451666175,"Hyperbole and a Half","Allie Brosh"
9780060884178,"Sphere","Michael Crichton"
9780525428238,"Turtles All the Way Down","John Green"
9781416547805,"Plain Truth","Jodi Picoult"
9781250037152,"Mr. Penumbra’s 24-Hour Bookstore","Robin Sloan"
9780061122415,"Veronika Decides to Die","Paulo Coelho"
9780439356268,"The Invention of Hugo Cabret","Brian Selznick"
9780553283686,"Hyperion","Dan Simmons"
9780061662696,"The Summoning","Kelley Armstrong"
9780142417209,"Fire","Kristin Cashore"
9780312606169,"Tempted","P.C. Cast and Kristin Cast"
9780441018399,"Dead in the Family","Charlaine Harris"
9780393324822,"Stiff: The Curious Lives of Human Cadavers","Mary Roach"
9780446618199,"Nights in Rodanthe","Nicholas Sparks"
9780061782664,"Congo","Michael Crichton"
9780345340962,"The Cider House Rules","John Irving"
9780679732242,"The Sound and the Fury","William Faulkner"
9781400031650,"Midwives","Chris Bohjalian"
9780486274001,"Pippi Longstocking","Astrid Lindgren"
9781401216674,"Batman: The Killing Joke","Alan Moore"
9781439158463,"Are You There, Vodka? It’s Me, Chelsea","Chelsea Handler"
9781477817223,"Angelfall","Susan Ee"
9780425265683,"Let’s Pretend This Never Happened","Jenny Lawson"
9780399588198,"Born a Crime: Stories from a South African Childhood","Trevor Noah"
9780312854317,"The Shadow Rising","Robert Jordan"
9780061455780,"Wicked Lovely","Melissa Marr"
9780425224901,"Naked in Death","J.D. Robb"
9780060932756,"Men Are from Mars, Women Are from Venus","John Gray"
9780312429934,"The Corrections","Jonathan Franzen"
9780312348662,"Love the One You’re With","Emily Giffin"
9781442476839,"The White Queen","Philippa Gregory"
9781476729711,"The Storyteller","Jodi Picoult"
9780525478812,"Champion","Marie Lu"
9780743477123,"The Merchant of Venice","William Shakespeare"
9780307476463,"Julie and Julia: 365 Days, 524 Recipes, 1 Tiny Apartment...","Julie Powell"
9780374531263,"A Long Way Gone: Memoirs of a Boy Soldier","Ishmael Beah"
9780545227247,"Linger","Maggie Stiefvater"
9780061928123,"Beautiful Ruins","Jess Walter"
9780316194597,"The Unbecoming of Mara Dyer","Michelle Hodkin"
9780743482776,"Twelfth Night","William Shakespeare"
9780066211312,"Just Kids","Patti Smith"
9780393310351,"Interpreter of Maladies","Jhumpa Lahiri"
9780446613842,"The Choice","Nicholas Sparks"
9780316043048,"Freedom","Jonathan Franzen"
9780452297548,"Attachments","Rainbow Rowell"
9781250049874,"Winter","Marissa Meyer"
9780618056818,"Gathering Blue","Lois Lowry"
9780679732761,"Invisible Man","Ralph Ellison"
9780312348659,"Baby Proof","Emily Giffin"
9780312353813,"A is for Alibi","Sue Grafton"
9781476753164,"Maybe Someday","Colleen Hoover"
9780062301239,"Elon Musk","Ashlee Vance"
9780743272496,"The Constant Princess","Philippa Gregory"
9781577314802,"The Power of Now: A Guide to Spiritual Enlightenment","Eckhart Tolle"
9780812545626,"Wizard and Glass","Stephen King"
9780061757310,"The Wide Window","Lemony Snicket"
9780553384454,"Twenties Girl","Sophie Kinsella"
9780765365286,"Words of Radiance","Brandon Sanderson"
9781101904220,"Dark Matter","Blake Crouch"
9781594482387,"The Silver Linings Playbook","Matthew Quick"
9780142401200,"The Westing Game","Ellen Raskin"
9780140449143,"The Republic","Plato"
9781585424337,"Think and Grow Rich","Napoleon Hill"
9781250049356,"Landline","Rainbow Rowell"
9780064410391,"The Tale of Despereaux","Kate DiCamillo"
9780062085508,"Unravel Me","Tahereh Mafi"
9781416562603,"The White Tiger","Aravind Adiga"
9780061431832,"Lamb: The Gospel According to Biff","Christopher Moore"
9780380731879,"Shutter Island","Dennis Lehane"
9780679644149,"Between the World and Me","Ta-Nehisi Coates"
9780307279187,"Born to Run","Christopher McDougall"
9781481837270,"The Edge of Never","J.A. Redmerski"
9780440240983,"Darkfever","Karen Marie Moning"
9780312868600,"Ender’s Shadow","Orson Scott Card"
9780765344144,"The Fiery Cross","Diana Gabaldon"
9780671001796,"Two for the Dough","Janet Evanovich"
9780385537132,"Origin","Dan Brown"
9780425284684,"Before We Were Yours","Lisa Wingate"
9781400032800,"Under the Banner of Heaven","Jon Krakauer"
9781501142970,"Dreamcatcher","Stephen King"
9781423145516,"The Throne of Fire","Rick Riordan"
9781594206272,"Modern Romance","Aziz Ansari"
9780312357517,"Burned","P.C. Cast and Kristin Cast"
9780307408846,"In the Garden of Beasts","Erik Larson"
9780451463791,"The Bone Collector","Jeffery Deaver"
9780761169258,"Steal Like an Artist","Austin Kleon"
9780142406526,"Lock and Key","Sarah Dessen"
9780451462114,"Fool Moon","Jim Butcher"
9780385733503,"Lola and the Boy Next Door","Stephanie Perkins"
9780425262347,"Gabriel’s Inferno","Sylvain Reynard"
9780062225719,"Guards! Guards!","Terry Pratchett"
9781607103134,"The Complete Grimm’s Fairy Tales","Jacob Grimm"
9780385741775,"Passion","Lauren Kate"
9780385742895,"The Kill Order","James Dashner"
9780385536975,"Crazy Rich Asians","Kevin Kwan"
9780439846041,"Artemis Fowl and the Lost Colony","Eoin Colfer"
9781476753188,"Ugly Love","Colleen Hoover"
9780671729417,"Flowers in the Attic","V.C. Andrews"
9780375714573,"Persepolis: The Story of a Childhood","Marjane Satrapi"
9780307887894,"The Lean Startup","Eric Ries"
9780804138147,"Why Not Me?","Mindy Kaling"
9781878424310,"The Four Agreements","Miguel Ruiz"
9781476753164,"Point of Retreat","Colleen Hoover"
9781476727653,"Doctor Sleep","Stephen King"
9780307278449,"The Bluest Eye","Toni Morrison"
9780802144423,"Waiting for Godot","Samuel Beckett"
9780440338772,"Roots: The Saga of an American Family","Alex Haley"
9781501112331,"In a Dark, Dark Wood","Ruth Ware"
9780312429984,"Wolf Hall","Hilary Mantel"
9780446532525,"The Wedding","Nicholas Sparks"
9780062119049,"We Need to Talk About Kevin","Lionel Shriver"
9780684853949,"The Man Who Mistook His Wife for a Hat","Oliver Sacks"
9780140186793,"A Room with a View","E.M. Forster"
9780446696135,"Suzanne’s Diary for Nicholas","James Patterson"
9781501110368,"It Ends with Us","Colleen Hoover"
9780446615860,"A Bend in the Road","Nicholas Sparks"
9780345404473,"The Man in the High Castle","Philip K. Dick"
9781416521502,"Wolves of the Calla","Stephen King"
9781476730097,"Beautiful Bastard","Christina Lauren"
9781442405089,"Onyx","Jennifer L. Armentrout"
9781476717463,"Thoughtless","S.C. Stephens"
9781933372600,"The Elegance of the Hedgehog","Muriel Barbery"
9780446547596,"The Best of Me","Nicholas Sparks"
9781619635198,"A Court of Wings and Ruin","Sarah J. Maas"
9781439157335,"House Rules","Jodi Picoult"
9781416586297,"Half Broke Horses","Jeannette Walls"
9781423121398,"Hex Hall","Rachel Hawkins"
9780812992261,"The Girls","Emma Cline"
9780812993299,"The Unlikely Pilgrimage of Harold Fry","Rachel Joyce"
9780060589468,"Eleven Minutes","Paulo Coelho"
9780765367358,"Foundation and Empire","Isaac Asimov"
9780312330532,"Shantaram","Gregory David Roberts"
9780765311771,"Elantris","Brandon Sanderson"
9780671689704,"Lonesome Dove","Larry McMurtry"
9780316033675,"The Way of Shadows","Brent Weeks"
9780452289960,"A New Earth: Awakening to Your Life’s Purpose","Eckhart Tolle"
9780312934174,"The Black Echo","Michael Connelly"
9780061992709,"Sh*t My Dad Says","Justin Halpern"
9780307401933,"The Sense of an Ending","Julian Barnes"
9780763645768,"The Knife of Never Letting Go","Patrick Ness"
9780142425992,"Reached","Ally Condie"
9780345467393,"Seabiscuit: An American Legend","Laura Hillenbrand"
9780765358147,"Old Man’s War","John Scalzi"
9781423121282,"Blue Bloods","Melissa de la Cruz"
9780140296280,"The Girls’ Guide to Hunting and Fishing","Melissa Bank"
9780671002435,"Three to Get Deadly","Janet Evanovich"
9780425203913,"Watchers","Dean Koontz"
9780781444214,"Crazy Love: Overwhelmed by a Relentless God","Francis Chan"
9781451621358,"Brain on Fire: My Month of Madness","Susannah Cahalan"
9780064472260,"Angus, Thongs and Full-Frontal Snogging","Louise Rennison"
9780451167718,"Night Shift","Stephen King"
9781250080935,"The Nest","Cynthia D’Aprix Sweeney"
9780143127550,"Shadow of Night","Deborah Harkness"
9780312850606,"Xenocide","Orson Scott Card"
9780345413386,"The Queen of the Damned","Anne Rice"
9780451530888,"The Age of Innocence","Edith Wharton"
9780743270755,"Team of Rivals","Doris Kearns Goodwin"
9780316067925,"The Blade Itself","Joe Abercrombie"
9780446563079,"Abraham Lincoln: Vampire Hunter","Seth Grahame-Smith"
9781423101346,"The Alchemyst","Michael Scott"
9780140187462,"The Plague","Albert Camus"
9780062317094,"Glass Sword","Victoria Aveyard"
9780316769508,"Nine Stories","J.D. Salinger"
9780061735059,"Shanghai Girls","Lisa See"
9781595148049,"An Ember in the Ashes","Sabaa Tahir"
9780062277756,"The Bean Trees","Barbara Kingsolver"
9780062327184,"Wait for You","J. Lynn"
9780553213393,"Journey to the Center of the Earth","Jules Verne"
9780425197540,"Guilty Pleasures","Laurell K. Hamilton"
9780143124542,"One Plus One","Jojo Moyes"
9780545132053,"Smile","Raina Telgemeier"
9781442425001,"Finale","Becca Fitzpatrick"
9781416968220,"The Summer I Turned Pretty","Jenny Han"
9780026045705,"The Joy of Cooking","Irma S. Rombauer"
9780061245087,"Halfway to the Grave","Jeaniene Frost"
9780142408810,"Tales of a Fourth Grade Nothing","Judy Blume"
9780812979657,"Olive Kitteridge","Elizabeth Strout"
9780307455291,"The Audacity of Hope","Barack Obama"
9780393323312,"North and South","Elizabeth Gaskell"
9780345418922,"So Long, and Thanks for All the Fish","Douglas Adams"
9780714864679,"The Art Book","Phaidon Press"
9780547328614,"The Witch of Blackbird Pond","Elizabeth George Speare"
9780452296367,"This Is Where I Leave You","Jonathan Tropper"
9780060935224,"Trainspotting","Irvine Welsh"
9780385490819,"The Blind Assassin","Margaret Atwood"
9780064410130,"The Miserable Mill","Lemony Snicket"
9780451531568,"Inferno","Dante Alighieri"
9781101886700,"Grey","E.L. James"
9780307387138,"No Country for Old Men","Cormac McCarthy"
9780385343498,"The Sweetness at the Bottom of the Pie","Alan Bradley"
9780679732259,"As I Lay Dying","William Faulkner"
9780451180215,"Insomnia","Stephen King"
9781416524527,"The Dark Tower","Stephen King"
9780006486060,"Royal Assassin","Robin Hobb"
9780142425763,"My Life Next Door","Huntley Fitzpatrick"
9780142420591,"Between Shades of Gray","Ruta Sepetys"
9780812976144,"The Alienist","Caleb Carr"
9780375841547,"Poison Study","Maria V. Snyder"
9780140430735,"Middlemarch","George Eliot"
9781442468404,"Lady Midnight","Cassandra Clare"
9780804172707,"A Little Life","Hanya Yanagihara"
9781421539898,"Naruto, Vol. 1","Masashi Kishimoto"
9780451223410,"Four Score (High Five?)","Janet Evanovich"
9780375702702,"The Shipping News","Annie Proulx"
9780061983881,"Schindler’s List","Thomas Keneally"
9781609450788,"My Brilliant Friend","Elena Ferrante"
9780060248024,"Falling Up","Shel Silverstein"
9781250075224,"Carry On","Rainbow Rowell"
9780751549196,"Career of Evil","Robert Galbraith"
9781604599055,"The Story of My Life","Helen Keller"
9780345444473,"Jaws","Peter Benchley"
9780553213140,"Anne of Avonlea","L.M. Montgomery"
9780312717633,"Year of Wonders","Geraldine Brooks"
9780393316048,"Surely You’re Joking, Mr. Feynman!","Richard Feynman"
9780143039402,"The Jungle","Upton Sinclair"
9780316075844,"David and Goliath","Malcolm Gladwell"
9781573227339,"About a Boy","Nick Hornby"
9781401237549,"Fables, Vol. 1","Bill Willingham"
9780062014535,"Requiem","Lauren Oliver"
9780451458448,"Grave Peril","Jim Butcher"
9780099255180,"Deja Dead","Kathy Reichs"
9780765348221,"Steelheart","Brandon Sanderson"
9780451191130,"Anthem","Ayn Rand"
9780425223416,"Clear and Present Danger","Tom Clancy"
9780061583261,"The Happiness Project","Gretchen Rubin"
9780062429056,"Pretty Girls","Karin Slaughter"
9780618150762,"Curious George","H.A. Rey"
9780425227520,"Vision in White","Nora Roberts"
9780765322757,"Second Foundation","Isaac Asimov"
9781476794380,"Luckiest Girl Alive","Jessica Knoll"
9780316133973,"Days of Blood & Starlight","Laini Taylor"
9780670026197,"A Gentleman in Moscow","Amor Towles"
9780312305061,"The Hours","Michael Cunningham"
9780060854211,"Equal Rites","Terry Pratchett"
9780375836671,"I Am the Messenger","Markus Zusak"
9780064430220,"Harold and the Purple Crayon","Crockett Johnson"
9780451167318,"Gerald’s Game","Stephen King"
9780385324168,"A Breath of Snow and Ashes","Diana Gabaldon"
9780312593321,"Awakened","P.C. Cast and Kristin Cast"
9780064408656,"The Austere Academy","Lemony Snicket"
9781416949657,"Crank","Ellen Hopkins"
9780062073634,"Murder at the Vicarage","Agatha Christie"
9780060516409,"The Forever War","Joe Haldeman"
9780812513787,"The Fires of Heaven","Robert Jordan"
9780307463748,"Rework","Jason Fried"
9780670022182,"The Secret Keeper","Kate Morton"
9780670026609,"The Girl You Left Behind","Jojo Moyes"
9781250063161,"Siege and Storm","Leigh Bardugo"
9780140424393,"Paradise Lost","John Milton"
9780316077056,"Beautiful Darkness","Kami Garcia"
9780451530813,"The Woman in White","Wilkie Collins"
9780385472945,"The Chamber","John Grisham"
9780061996160,"Unearthly","Cynthia Hand"
9781401303273,"For One More Day","Mitch Albom"
9780765376477,"A Darker Shade of Magic","V.E. Schwab"
9780385342033,"Shopaholic & Baby","Sophie Kinsella"
9780553283686,"Rendezvous with Rama","Arthur C. Clarke"
9781400078437,"The Year of Magical Thinking","Joan Didion"
9780393338828,"The Big Short: Inside the Doomsday Machine","Michael Lewis"
9780062009371,"The Power of Six","Pittacus Lore"
9780451229689,"Lover Revealed","J.R. Ward"
9780399142788,"House of Sand and Fog","Andre Dubus III"
9780199291155,"The Selfish Gene","Richard Dawkins"
9780743224574,"A Beautiful Mind","Sylvia Nasar"
9781400030654,"A Fine Balance","Rohinton Mistry"
9780671042851,"The Girl Who Loved Tom Gordon","Stephen King"
9780062259655,"Bird Box","Josh Malerman"
9780679732761,"A Portrait of the Artist as a Young Man","James Joyce"
9780393328621,"The History of Love","Nicole Krauss"
9780385341001,"The Dinner","Herman Koch"
9781423140597,"The Sword of Summer","Rick Riordan"
9780425257084,"Dead Reckoning","Charlaine Harris"
9780451222703,"Lover Unbound","J.R. Ward"
9780679405122,"People of the Book","Geraldine Brooks"
9781101883082,"Lilac Girls","Martha Hall Kelly"
9780451168209,"The Deep End of the Ocean","Jacquelyn Mitchard"
9780345532749,"Leaving Time","Jodi Picoult"
9780810994730,"Rodrick Rules","Jeff Kinney"
9780345458926,"The Surgeon","Tess Gerritsen"
9781476716719,"Effortless","S.C. Stephens"
9780804114981,"The Bonesetter’s Daughter","Amy Tan"
9780765326402,"The Gathering Storm","Robert Jordan"
9780553210248,"Steppenwolf","Hermann Hesse"
9780062225444,"Reconstructing Amelia","Kimberly McCreight"
9780312966095,"Hot Six","Janet Evanovich"
9780553212747,"The Scarlet Pimpernel","Baroness Emmuska Orczy"
9780451531678,"The Invisible Man","H.G. Wells"
9781423157373,"The Darkest Minds","Alexandra Bracken"
9780553213652,"Anne of the Island","L.M. Montgomery"
9781503943377,"Beneath a Scarlet Sky","Mark Sullivan"
9781501157516,"Song of Susannah","Stephen King"
9781619634474,"Empire of Storms","Sarah J. Maas"
9780743497298,"The Tenth Circle","Jodi Picoult"
9780140187647,"My Antonia","Willa Cather"
9780316807227,"Maniac Magee","Jerry Spinelli"
9780141439518,"Far from the Madding Crowd","Thomas Hardy"
9780451165859,"Eye of the Needle","Ken Follett"
9780451160397,"Dolores Claiborne","Stephen King"
9780373210524,"Opal","Jennifer L. Armentrout"
9781476757156,"Never Too Far","Abbi Glines"
9780345430988,"Childhood’s End","Arthur C. Clarke"
9780373210869,"Pushing the Limits","Katie McGarry"
9780062233548,"Not That Kind of Girl","Lena Dunham"
9780451463248,"Summer Knight","Jim Butcher"
9780316129084,"Leviathan Wakes","James S.A. Corey"
9780767908964,"Jemima J","Jane Green"
9780765325945,"Towers of Midnight","Robert Jordan"
9781419701764,"Me and Earl and the Dying Girl","Jesse Andrews"
9780671793497,"High Five","Janet Evanovich"
9780060281367,"The Ersatz Elevator","Lemony Snicket"
9780312854263,"Lord of Chaos","Robert Jordan"
9780316002876,"School’s Out—Forever","James Patterson"
9780679721874,"Maus II: And Here My Troubles Began","Art Spiegelman"
9780061965600,"SuperFreakonomics","Steven D. Levitt"
9780451197440,"The Dark Half","Stephen King"
9780451188462,"Desperation","Stephen King"
9780062263255,"Ignite Me","Tahereh Mafi"
9781595144676,"Across the Universe","Beth Revis"
9780670022963,"Rules of Civility","Amor Towles"
9780156907392,"To the Lighthouse","Virginia Woolf"
9781509827726,"Aesop’s Fables","Aesop"
9780679644197,"Tell the Wolves I’m Home","Carol Rifka Brunt"
9780393322230,"Helter Skelter: The True Story of the Manson Murders","Vincent Bugliosi"
9780143039900,"Vanity Fair","William Makepeace Thackeray"
9781455578996,"The Coincidence of Callie & Kayden","Jessica Sorensen"
9780064410138,"The Vile Village","Lemony Snicket"
9780061374228,"Mystic River","Dennis Lehane"
9780440241814,"Shopaholic Takes Manhattan","Sophie Kinsella"
9780553278224,"Contact","Carl Sagan"
9780451156607,"The Tommyknockers","Stephen King"
9780812971062,"Reading Lolita in Tehran","Azar Nafisi"
9780545425124,"The Dream Thieves","Maggie Stiefvater"
9780152063961,"Life As We Knew It","Susan Beth Pfeffer"
9781250012180,"The Marriage Plot","Jeffrey Eugenides"
9780812564233,"A Crown of Swords","Robert Jordan"
9780374104105,"Annihilation","Jeff VanderMeer"
9780316057776,"The Mysterious Benedict Society","Trenton Lee Stewart"
9780671746721,"Dirk Gently’s Holistic Detective Agency","Douglas Adams"
9780312947460,"Seven Up","Janet Evanovich"
9780373210111,"The Iron Daughter","Julie Kagawa"
9780062490491,"Commonwealth","Ann Patchett"
9780345539822,"Golden Son","Pierce Brown"
9780760729627,"Uprooted","Naomi Novik"
9781250057839,"All Creatures Great and Small","James Herriot"
9781612620245,"Attack on Titan Vol. 1","Hajime Isayama"
9780312385187,"Hard Eight","Janet Evanovich"
9780689824753,"Among the Hidden","Margaret Peterson Haddix"
9780679642728,"The Idiot","Fyodor Dostoyevsky"
9780061120252,"Daughter of Fortune","Isabel Allende"
9780062073502,"The Murder of Roger Ackroyd","Agatha Christie"
9780316134071,"The Statistical Probability of Love at First Sight","Jennifer E. Smith"
9780142425831,"The Infinite Sea","Rick Yancey"
9780061450540,"The Awakening (Darkest Powers)","Kelley Armstrong"
9780743296410,"Handle with Care","Jodi Picoult"
9780060854119,"Dead Witch Walking","Kim Harrison"
9780345538986,"The Lost World","Michael Crichton"
9781582346816,"The Goose Girl","Shannon Hale"
9781421501703,"Fullmetal Alchemist Vol. 1","Hiromu Arakawa"
9780385354288,"The Girl in the Spider’s Web","David Lagercrantz"
9780062204766,"The Reckoning","Kelley Armstrong"
9780425261220,"Gabriel’s Rapture","Sylvain Reynard"
9780143037746,"The Eyre Affair","Jasper Fforde"
9780385352109,"Colorless Tsukuru Tazaki and His Years of Pilgrimage","Haruki Murakami"
9781501171346,"Confess","Colleen Hoover"
9780786818594,"The Amulet of Samarkand","Jonathan Stroud"
9780451233349,"Winter of the World","Ken Follett"
9780061992275,"The One and Only Ivan","Katherine Applegate"
9781476714403,"The Marriage Bargain","Jennifer Probst"
9780143107492,"Dubliners","James Joyce"
9780062072044,"Under the Never Sky","Veronica Rossi"
9780394758281,"The Big Sleep","Raymond Chandler"
9780312199135,"One Thousand White Women: The Journals of May Dodd","Jim Fergus"
9780142408421,"The Ruins of Gorlan","John Flanagan"
9780375703867,"White Teeth","Zadie Smith"
9781590385470,"Rise of the Evening Star","Brandon Mull"
9781594482717,"The Psychopath Test","Jon Ronson"
9780375703768,"House of Leaves","Mark Z. Danielewski"
9780312360402,"Moloka’i","Alan Brennert"
9780670893464,"Chocolat","Joanne Harris"
9780451531692,"The Complete Fairy Tales","Hans Christian Andersen"
9780811219037,"The Glass Menagerie","Tennessee Williams"
9780684801223,"A Moveable Feast","Ernest Hemingway"
